[
  {
    "table_name": "django_migrations"
  },
  {
    "table_name": "django_content_type"
  },
  {
    "table_name": "auth_permission"
  },
  {
    "table_name": "auth_group"
  },
  {
    "table_name": "auth_group_permissions"
  },
  {
    "table_name": "users"
  },
  {
    "table_name": "users_groups"
  },
  {
    "table_name": "django_admin_log"
  },
  {
    "table_name": "django_session"
  },
  {
    "table_name": "users_user_permissions"
  },
  {
    "table_name": "poets"
  },
  {
    "table_name": "collections"
  },
  {
    "table_name": "poems"
  },
  {
    "table_name": "verses"
  }
]